<jellyProtocol>
    <reference>/mnt/md0/PBSuite_15.8.24/Pbjelly_analysis_9thJuly2018/data/reference/o_pumila.fasta</reference>  
    <outputDir>/mnt/md0/PBSuite_15.8.24/Pbjelly_analysis_9thJuly2018/Pbjelly_Output/</outputDir>
    <blasr>-minMatch 8 -minPctIdentity 70 -bestn 1 -nCandidates 10 -maxScore -500 -nproc 32 -noSplitSubreads</blasr>
    <input baseDir="/mnt/md0/PBSuite_15.8.24/Pbjelly_analysis/data/reads/">
        <job>O_pumila_genomesupport3cell_kurabo_novagene_RQ_removed.fastq</job>
    </input>
</jellyProtocol>
